,Node,Topic,Size,Msg Received,Msg Late,Msg Too Late,Msg Lost,Mean,Std,Min,Max,Freq,Throughput,Pub/Sub Type,Architecture,RMW,Test Duration,CPU Stress,IPC
0,follower,attractive_vector,24,600,0,0,0,253,117,31,581,10,0.234374,Subscription,simple,fast,60,low,0
1,follower,repulsive_vector,24,600,0,0,0,280,97,76,556,10,0.234375,Subscription,simple,fast,60,low,0
2,obstacle_detector,scan,8728,600,0,0,0,255,89,79,578,10,85.2348,Subscription,simple,fast,60,low,0
3,object_tracker,out_detection_2d,2928,600,0,0,0,283,94,94,566,10,28.5938,Subscription,simple,fast,60,low,0
4,ai_detector,camera_info,376,1500,0,0,0,286,92,62,699,25,9.17978,Subscription,simple,fast,60,low,0
5,ai_detector,rgb_image,921600,1500,0,0,0,461,121,222,1859,25,22500.8,Subscription,simple,fast,60,low,0
6,base_controller,cmd_vel,48,600,0,0,0,314,108,92,643,10,0.46875,Subscription,simple,fast,60,low,0
7,follower,cmd_vel,48,0,0,0,0,50,27,18,151,10,0.468749,Publisher,simple,fast,60,low,0
8,obstacle_detector,repulsive_vector,24,0,0,0,0,38,19,13,93,10,0.234375,Publisher,simple,fast,60,low,0
9,object_tracker,attractive_vector,24,0,0,0,0,36,27,6,104,10,0.234375,Publisher,simple,fast,60,low,0
10,ai_detector,out_detection_2d,2928,0,0,0,0,49,19,22,118,10,28.5937,Publisher,simple,fast,60,low,0
11,camera,camera_info,376,0,0,0,0,55,23,10,136,25,9.17973,Publisher,simple,fast,60,low,0
12,camera,rgb_image,921600,0,0,0,0,136,54,70,951,25,22500.3,Publisher,simple,fast,60,low,0
13,laser,scan,8728,0,0,0,0,35,14,15,82,10,85.2345,Publisher,simple,fast,60,low,0
14,follower,attractive_vector,24,600,0,0,0,383,196,63,790,10,0.234371,Subscription,simple,fast,60,low,1
15,follower,repulsive_vector,24,600,0,0,0,323,155,92,600,10,0.234373,Subscription,simple,fast,60,low,1
16,obstacle_detector,scan,8728,600,0,0,0,409,177,138,1885,10,85.2351,Subscription,simple,fast,60,low,1
17,object_tracker,out_detection_2d,2928,600,0,0,0,392,160,144,1380,10,28.5936,Subscription,simple,fast,60,low,1
18,ai_detector,camera_info,376,1500,0,0,0,650,287,114,2536,25,9.17995,Subscription,simple,fast,60,low,1
19,ai_detector,rgb_image,921600,1500,0,0,0,213,106,66,1173,25,22500.5,Subscription,simple,fast,60,low,1
20,base_controller,cmd_vel,48,600,0,0,0,467,116,166,909,10,0.468751,Subscription,simple,fast,60,low,1
21,follower,cmd_vel,48,0,0,0,0,195,59,59,397,10,0.468749,Publisher,simple,fast,60,low,1
22,obstacle_detector,repulsive_vector,24,0,0,0,0,109,73,31,260,10,0.234373,Publisher,simple,fast,60,low,1
23,object_tracker,attractive_vector,24,0,0,0,0,158,93,15,712,10,0.234373,Publisher,simple,fast,60,low,1
24,ai_detector,out_detection_2d,2928,0,0,0,0,154,69,49,321,10,28.5935,Publisher,simple,fast,60,low,1
25,camera,camera_info,376,0,0,0,0,173,66,31,726,25,9.17968,Publisher,simple,fast,60,low,1
26,camera,rgb_image,921600,0,0,0,0,61,26,20,326,25,22500.2,Publisher,simple,fast,60,low,1
27,laser,scan,8728,0,0,0,0,166,81,47,625,10,85.2345,Publisher,simple,fast,60,low,1
28,follower,attractive_vector,24,600,3,0,0,270,848,32,14778,10,0.234372,Subscription,simple,fast,60,medium,0
29,follower,repulsive_vector,24,600,1,0,0,286,504,48,7826,10,0.234374,Subscription,simple,fast,60,medium,0
30,obstacle_detector,scan,8728,600,5,0,0,331,721,68,10164,10,85.2338,Subscription,simple,fast,60,medium,0
31,object_tracker,out_detection_2d,2928,600,3,0,0,349,644,87,10271,10,28.5937,Subscription,simple,fast,60,medium,0
32,ai_detector,camera_info,376,1500,7,1,0,320,682,49,11339,25,9.17973,Subscription,simple,fast,60,medium,0
33,ai_detector,rgb_image,921600,1500,12,0,0,701,1063,128,18653,25,22500.6,Subscription,simple,fast,60,medium,0
34,base_controller,cmd_vel,48,600,3,0,0,351,587,94,7343,10,0.46875,Subscription,simple,fast,60,medium,0
35,follower,cmd_vel,48,0,0,0,0,65,61,20,966,10,0.468749,Publisher,simple,fast,60,medium,0
36,obstacle_detector,repulsive_vector,24,0,0,0,0,57,157,10,3331,10,0.234374,Publisher,simple,fast,60,medium,0
37,object_tracker,attractive_vector,24,0,0,0,0,56,237,7,3913,10,0.234374,Publisher,simple,fast,60,medium,0
38,ai_detector,out_detection_2d,2928,0,0,0,0,84,192,24,3736,10,28.5937,Publisher,simple,fast,60,medium,0
39,camera,camera_info,376,0,0,0,0,75,250,11,6204,25,9.17969,Publisher,simple,fast,60,medium,0
40,camera,rgb_image,921600,0,0,0,0,225,286,52,5198,25,22500.2,Publisher,simple,fast,60,medium,0
41,laser,scan,8728,0,0,0,0,63,113,17,2183,10,85.2342,Publisher,simple,fast,60,medium,0
42,follower,attractive_vector,24,600,0,0,0,227,186,43,1187,10,0.234376,Subscription,simple,fast,60,medium,1
43,follower,repulsive_vector,24,600,0,0,0,281,191,90,1439,10,0.234378,Subscription,simple,fast,60,medium,1
44,obstacle_detector,scan,8728,600,0,0,0,295,193,76,1797,10,85.2356,Subscription,simple,fast,60,medium,1
45,object_tracker,out_detection_2d,2928,600,0,0,0,276,172,86,1021,10,28.5941,Subscription,simple,fast,60,medium,1
46,ai_detector,camera_info,376,1500,0,0,0,367,380,60,2982,25,9.18002,Subscription,simple,fast,60,medium,1
47,ai_detector,rgb_image,921600,1500,0,0,0,211,157,45,1725,25,22500.4,Subscription,simple,fast,60,medium,1
48,base_controller,cmd_vel,48,600,0,0,0,322,185,101,1647,10,0.468757,Subscription,simple,fast,60,medium,1
49,follower,cmd_vel,48,0,0,0,0,110,65,36,467,10,0.468752,Publisher,simple,fast,60,medium,1
50,obstacle_detector,repulsive_vector,24,0,0,0,0,92,62,28,457,10,0.234375,Publisher,simple,fast,60,medium,1
51,object_tracker,attractive_vector,24,0,0,0,0,71,66,11,633,10,0.234375,Publisher,simple,fast,60,medium,1
52,ai_detector,out_detection_2d,2928,0,0,0,0,91,58,28,378,10,28.5938,Publisher,simple,fast,60,medium,1
53,camera,camera_info,376,0,0,0,0,93,70,18,644,25,9.17973,Publisher,simple,fast,60,medium,1
54,camera,rgb_image,921600,0,0,0,0,66,54,12,1028,25,22500.2,Publisher,simple,fast,60,medium,1
55,laser,scan,8728,0,0,0,0,96,66,24,581,10,85.2345,Publisher,simple,fast,60,medium,1
56,follower,attractive_vector,24,601,69,0,0,1556,3479,52,44460,10,0.234556,Subscription,simple,fast,60,high,0
57,follower,repulsive_vector,24,601,55,0,0,1427,3216,68,48863,10,0.234621,Subscription,simple,fast,60,high,0
58,obstacle_detector,scan,8728,598,76,0,0,1692,3450,92,27875,10,84.9608,Subscription,simple,fast,60,high,0
59,object_tracker,out_detection_2d,2928,601,60,1,0,1567,3374,97,36064,10,28.6107,Subscription,simple,fast,60,high,0
60,ai_detector,camera_info,376,1485,156,1,0,1558,3530,57,39915,25,9.09598,Subscription,simple,fast,60,high,0
61,ai_detector,rgb_image,921600,1496,227,3,0,2349,4002,249,37764,25,22453.7,Subscription,simple,fast,60,high,0
62,base_controller,cmd_vel,48,601,65,0,0,1525,3331,77,35276,10,0.4693,Subscription,simple,fast,60,high,0
63,follower,cmd_vel,48,0,0,0,0,508,1353,11,7079,10,0.469294,Publisher,simple,fast,60,high,0
64,obstacle_detector,repulsive_vector,24,0,0,0,0,483,1368,9,8817,10,0.234605,Publisher,simple,fast,60,high,0
65,object_tracker,attractive_vector,24,0,0,0,0,593,1605,7,10605,10,0.234555,Publisher,simple,fast,60,high,0
66,ai_detector,out_detection_2d,2928,0,0,0,0,498,1454,22,16491,10,28.6067,Publisher,simple,fast,60,high,0
67,camera,camera_info,376,0,0,0,0,473,1332,10,8181,25,9.09523,Publisher,simple,fast,60,high,0
68,camera,rgb_image,921600,0,0,0,0,756,1676,80,30468,25,22452.5,Publisher,simple,fast,60,high,0
69,laser,scan,8728,0,0,0,0,676,1655,17,7373,10,84.9598,Publisher,simple,fast,60,high,0
70,follower,attractive_vector,24,601,2,0,0,325,721,72,14179,10,0.234577,Subscription,simple,fast,60,high,1
71,follower,repulsive_vector,24,601,2,0,0,335,809,66,15721,10,0.234736,Subscription,simple,fast,60,high,1
72,obstacle_detector,scan,8728,600,0,0,0,253,326,76,4664,10,85.2427,Subscription,simple,fast,60,high,1
73,object_tracker,out_detection_2d,2928,601,3,0,0,357,1129,79,20950,10,28.6419,Subscription,simple,fast,60,high,1
74,ai_detector,camera_info,376,1497,5,0,0,320,827,68,23019,25,9.16599,Subscription,simple,fast,60,high,1
75,ai_detector,rgb_image,921600,1499,6,0,0,327,807,67,18890,25,22492.0,Subscription,simple,fast,60,high,1
76,base_controller,cmd_vel,48,601,8,0,0,683,2956,80,46942,10,0.469524,Subscription,simple,fast,60,high,1
77,follower,cmd_vel,48,0,0,0,0,102,370,18,8498,10,0.469219,Publisher,simple,fast,60,high,1
78,obstacle_detector,repulsive_vector,24,0,0,0,0,83,197,15,4371,10,0.234708,Publisher,simple,fast,60,high,1
79,object_tracker,attractive_vector,24,0,0,0,0,84,207,17,4780,10,0.234523,Publisher,simple,fast,60,high,1
80,ai_detector,out_detection_2d,2928,0,0,0,0,70,70,19,827,10,28.632,Publisher,simple,fast,60,high,1
81,camera,camera_info,376,0,0,0,0,75,274,13,9511,25,9.16254,Publisher,simple,fast,60,high,1
82,camera,rgb_image,921600,0,0,0,0,69,142,14,3867,25,22485.0,Publisher,simple,fast,60,high,1
83,laser,scan,8728,0,0,0,0,71,99,18,1774,10,85.241,Publisher,simple,fast,60,high,1
84,follower,attractive_vector,24,600,0,0,0,361,81,99,640,10,0.234376,Subscription,simple,cyclone,60,low,0
85,follower,repulsive_vector,24,600,0,0,0,405,85,164,692,10,0.234376,Subscription,simple,cyclone,60,low,0
86,obstacle_detector,scan,8728,600,0,0,0,427,168,219,3357,10,85.2352,Subscription,simple,cyclone,60,low,0
87,object_tracker,out_detection_2d,2928,600,0,0,0,453,70,269,824,10,28.5942,Subscription,simple,cyclone,60,low,0
88,ai_detector,camera_info,376,1500,0,0,0,400,149,143,3483,25,9.1798,Subscription,simple,cyclone,60,low,0
89,ai_detector,rgb_image,921600,1500,0,0,0,803,122,439,2925,25,22501.0,Subscription,simple,cyclone,60,low,0
90,base_controller,cmd_vel,48,600,0,0,0,370,94,131,658,10,0.468751,Subscription,simple,cyclone,60,low,0
91,follower,cmd_vel,48,0,0,0,0,69,29,14,129,10,0.468748,Publisher,simple,cyclone,60,low,0
92,obstacle_detector,repulsive_vector,24,0,0,0,0,85,38,29,181,10,0.234375,Publisher,simple,cyclone,60,low,0
93,object_tracker,attractive_vector,24,0,0,0,0,70,33,21,118,10,0.234376,Publisher,simple,cyclone,60,low,0
94,ai_detector,out_detection_2d,2928,0,0,0,0,122,35,60,224,10,28.594,Publisher,simple,cyclone,60,low,0
95,camera,camera_info,376,0,0,0,0,90,36,23,375,25,9.17974,Publisher,simple,cyclone,60,low,0
96,camera,rgb_image,921600,0,0,0,0,216,54,87,1755,25,22500.2,Publisher,simple,cyclone,60,low,0
97,laser,scan,8728,0,0,0,0,98,54,38,772,10,85.2345,Publisher,simple,cyclone,60,low,0
98,follower,attractive_vector,24,600,0,0,0,504,246,117,1123,10,0.234373,Subscription,simple,cyclone,60,low,1
99,follower,repulsive_vector,24,600,0,0,0,450,172,127,1766,10,0.234374,Subscription,simple,cyclone,60,low,1
100,obstacle_detector,scan,8728,600,0,0,0,437,126,136,614,10,85.2349,Subscription,simple,cyclone,60,low,1
101,object_tracker,out_detection_2d,2928,600,0,0,0,422,137,140,667,10,28.5941,Subscription,simple,cyclone,60,low,1
102,ai_detector,camera_info,376,1500,0,0,0,488,236,71,1637,25,9.17995,Subscription,simple,cyclone,60,low,1
103,ai_detector,rgb_image,921600,1500,0,0,0,212,104,69,641,25,22500.2,Subscription,simple,cyclone,60,low,1
104,base_controller,cmd_vel,48,600,0,0,0,677,264,165,1415,10,0.468745,Subscription,simple,cyclone,60,low,1
105,follower,cmd_vel,48,0,0,0,0,197,51,49,456,10,0.468748,Publisher,simple,cyclone,60,low,1
106,obstacle_detector,repulsive_vector,24,0,0,0,0,166,68,42,842,10,0.234374,Publisher,simple,cyclone,60,low,1
107,object_tracker,attractive_vector,24,0,0,0,0,160,83,39,704,10,0.234373,Publisher,simple,cyclone,60,low,1
108,ai_detector,out_detection_2d,2928,0,0,0,0,163,61,46,312,10,28.5938,Publisher,simple,cyclone,60,low,1
109,camera,camera_info,376,0,0,0,0,128,75,17,639,25,9.17973,Publisher,simple,cyclone,60,low,1
110,camera,rgb_image,921600,0,0,0,0,58,11,21,223,25,22500.1,Publisher,simple,cyclone,60,low,1
111,laser,scan,8728,0,0,0,0,168,55,43,320,10,85.2344,Publisher,simple,cyclone,60,low,1
112,follower,attractive_vector,24,600,0,0,0,196,119,35,827,10,0.234376,Subscription,simple,cyclone,60,medium,0
113,follower,repulsive_vector,24,600,0,0,0,240,133,98,1078,10,0.234375,Subscription,simple,cyclone,60,medium,0
114,obstacle_detector,scan,8728,600,0,0,0,278,142,93,1066,10,85.2352,Subscription,simple,cyclone,60,medium,0
115,object_tracker,out_detection_2d,2928,600,0,0,0,337,181,144,2738,10,28.5944,Subscription,simple,cyclone,60,medium,0
116,ai_detector,camera_info,376,1500,0,0,0,231,157,40,2962,25,9.17969,Subscription,simple,cyclone,60,medium,0
117,ai_detector,rgb_image,921600,1500,0,0,0,745,383,203,3838,25,22501.0,Subscription,simple,cyclone,60,medium,0
118,base_controller,cmd_vel,48,600,0,0,0,265,130,82,1089,10,0.468754,Subscription,simple,cyclone,60,medium,0
119,follower,cmd_vel,48,0,0,0,0,52,26,17,181,10,0.468752,Publisher,simple,cyclone,60,medium,0
120,obstacle_detector,repulsive_vector,24,0,0,0,0,48,34,17,351,10,0.234375,Publisher,simple,cyclone,60,medium,0
121,object_tracker,attractive_vector,24,0,0,0,0,42,29,8,196,10,0.234376,Publisher,simple,cyclone,60,medium,0
122,ai_detector,out_detection_2d,2928,0,0,0,0,115,55,47,602,10,28.5941,Publisher,simple,cyclone,60,medium,0
123,camera,camera_info,376,0,0,0,0,70,43,11,402,25,9.17966,Publisher,simple,cyclone,60,medium,0
124,camera,rgb_image,921600,0,0,0,0,217,110,67,1438,25,22500.1,Publisher,simple,cyclone,60,medium,0
125,laser,scan,8728,0,0,0,0,74,43,23,375,10,85.2345,Publisher,simple,cyclone,60,medium,0
126,follower,attractive_vector,24,600,0,0,0,274,224,64,1542,10,0.234375,Subscription,simple,cyclone,60,medium,1
127,follower,repulsive_vector,24,600,0,0,0,313,208,92,1511,10,0.234377,Subscription,simple,cyclone,60,medium,1
128,obstacle_detector,scan,8728,600,0,0,0,334,221,87,1917,10,85.2347,Subscription,simple,cyclone,60,medium,1
129,object_tracker,out_detection_2d,2928,600,0,0,0,303,194,73,1116,10,28.5936,Subscription,simple,cyclone,60,medium,1
130,ai_detector,camera_info,376,1500,0,0,0,284,244,59,2471,25,9.17971,Subscription,simple,cyclone,60,medium,1
131,ai_detector,rgb_image,921600,1500,0,0,0,241,192,56,1553,25,22500.2,Subscription,simple,cyclone,60,medium,1
132,base_controller,cmd_vel,48,600,0,0,0,353,208,109,1770,10,0.468758,Subscription,simple,cyclone,60,medium,1
133,follower,cmd_vel,48,0,0,0,0,118,81,35,870,10,0.468752,Publisher,simple,cyclone,60,medium,1
134,obstacle_detector,repulsive_vector,24,0,0,0,0,108,89,28,956,10,0.234375,Publisher,simple,cyclone,60,medium,1
135,object_tracker,attractive_vector,24,0,0,0,0,88,80,14,752,10,0.234375,Publisher,simple,cyclone,60,medium,1
136,ai_detector,out_detection_2d,2928,0,0,0,0,98,70,23,478,10,28.5936,Publisher,simple,cyclone,60,medium,1
137,camera,camera_info,376,0,0,0,0,89,75,18,696,25,9.17968,Publisher,simple,cyclone,60,medium,1
138,camera,rgb_image,921600,0,0,0,0,73,60,16,500,25,22500.1,Publisher,simple,cyclone,60,medium,1
139,laser,scan,8728,0,0,0,0,111,83,26,873,10,85.2343,Publisher,simple,cyclone,60,medium,1
140,follower,attractive_vector,24,600,0,0,0,229,515,54,4339,10,0.234399,Subscription,simple,cyclone,60,high,0
141,follower,repulsive_vector,24,600,0,0,0,303,513,94,4189,10,0.234398,Subscription,simple,cyclone,60,high,0
142,obstacle_detector,scan,8728,600,1,0,0,331,556,102,6380,10,85.2354,Subscription,simple,cyclone,60,high,0
143,object_tracker,out_detection_2d,2928,600,4,0,0,520,913,148,9299,10,28.5943,Subscription,simple,cyclone,60,high,0
144,ai_detector,camera_info,376,1500,5,0,0,320,664,67,8212,25,9.18337,Subscription,simple,cyclone,60,high,0
145,ai_detector,rgb_image,921600,1500,8,0,0,982,924,341,10458,25,22506.5,Subscription,simple,cyclone,60,high,0
146,base_controller,cmd_vel,48,601,1,0,0,309,609,97,6517,10,0.46892,Subscription,simple,cyclone,60,high,0
147,follower,cmd_vel,48,0,0,0,0,128,564,13,6309,10,0.468915,Publisher,simple,cyclone,60,high,0
148,obstacle_detector,repulsive_vector,24,0,0,0,0,122,449,13,4033,10,0.234395,Publisher,simple,cyclone,60,high,0
149,object_tracker,attractive_vector,24,0,0,0,0,89,421,10,3994,10,0.234399,Publisher,simple,cyclone,60,high,0
150,ai_detector,out_detection_2d,2928,0,0,0,0,263,686,52,8654,10,28.5939,Publisher,simple,cyclone,60,high,0
151,camera,camera_info,376,0,0,0,0,140,521,17,8019,25,9.18334,Publisher,simple,cyclone,60,high,0
152,camera,rgb_image,921600,0,0,0,0,401,729,98,9121,25,22505.7,Publisher,simple,cyclone,60,high,0
153,laser,scan,8728,0,0,0,0,123,385,19,3324,10,85.2347,Publisher,simple,cyclone,60,high,0
154,follower,attractive_vector,24,600,2,0,0,126,438,34,8170,10,0.234391,Subscription,simple,cyclone,60,high,1
155,follower,repulsive_vector,24,600,0,0,0,128,176,72,3387,10,0.234387,Subscription,simple,cyclone,60,high,1
156,obstacle_detector,scan,8728,600,0,0,0,141,69,77,514,10,85.2341,Subscription,simple,cyclone,60,high,1
157,object_tracker,out_detection_2d,2928,600,0,0,0,128,63,77,925,10,28.6001,Subscription,simple,cyclone,60,high,1
158,ai_detector,camera_info,376,1500,1,0,0,133,468,39,17963,25,9.18301,Subscription,simple,cyclone,60,high,1
159,ai_detector,rgb_image,921600,1500,1,0,0,127,623,35,24130,25,22511.5,Subscription,simple,cyclone,60,high,1
160,base_controller,cmd_vel,48,600,1,0,0,202,1421,80,34910,10,0.469035,Subscription,simple,cyclone,60,high,1
161,follower,cmd_vel,48,0,0,0,0,38,37,16,719,10,0.468766,Publisher,simple,cyclone,60,high,1
162,obstacle_detector,repulsive_vector,24,0,0,0,0,35,92,15,2222,10,0.234375,Publisher,simple,cyclone,60,high,1
163,object_tracker,attractive_vector,24,0,0,0,0,48,423,7,8072,10,0.234384,Publisher,simple,cyclone,60,high,1
164,ai_detector,out_detection_2d,2928,0,0,0,0,34,23,17,402,10,28.5998,Publisher,simple,cyclone,60,high,1
165,camera,camera_info,376,0,0,0,0,28,38,8,1210,25,9.18033,Publisher,simple,cyclone,60,high,1
166,camera,rgb_image,921600,0,0,0,0,23,19,7,533,25,22502.5,Publisher,simple,cyclone,60,high,1
167,laser,scan,8728,0,0,0,0,40,28,16,247,10,85.2341,Publisher,simple,cyclone,60,high,1
168,follower,attractive_vector,24,600,0,0,0,169,80,45,423,10,0.234375,Subscription,simple,zenoh,60,low,0
169,follower,repulsive_vector,24,600,0,0,0,195,65,97,393,10,0.234376,Subscription,simple,zenoh,60,low,0
170,obstacle_detector,scan,8728,600,0,0,0,159,53,101,402,10,85.2336,Subscription,simple,zenoh,60,low,0
171,object_tracker,out_detection_2d,2928,600,0,0,0,213,67,86,553,10,28.5941,Subscription,simple,zenoh,60,low,0
172,ai_detector,camera_info,376,1500,0,0,0,236,82,77,587,25,9.17975,Subscription,simple,zenoh,60,low,0
173,ai_detector,rgb_image,921600,1500,0,0,0,2043,251,1179,2932,25,22500.1,Subscription,simple,zenoh,60,low,0
174,base_controller,cmd_vel,48,600,0,0,0,220,98,118,2117,10,0.468752,Subscription,simple,zenoh,60,low,0
175,follower,cmd_vel,48,0,0,0,0,78,61,33,1436,10,0.46875,Publisher,simple,zenoh,60,low,0
176,obstacle_detector,repulsive_vector,24,0,0,0,0,65,28,22,145,10,0.234375,Publisher,simple,zenoh,60,low,0
177,object_tracker,attractive_vector,24,0,0,0,0,59,31,13,157,10,0.234375,Publisher,simple,zenoh,60,low,0
178,ai_detector,out_detection_2d,2928,0,0,0,0,76,30,25,184,10,28.5939,Publisher,simple,zenoh,60,low,0
179,camera,camera_info,376,0,0,0,0,89,34,20,167,25,9.1797,Publisher,simple,zenoh,60,low,0
180,camera,rgb_image,921600,0,0,0,0,1397,196,844,2108,25,22500.2,Publisher,simple,zenoh,60,low,0
181,laser,scan,8728,0,0,0,0,52,24,22,176,10,85.2333,Publisher,simple,zenoh,60,low,0
182,follower,attractive_vector,24,600,0,0,0,138,88,51,382,10,0.234373,Subscription,simple,zenoh,60,low,1
183,follower,repulsive_vector,24,600,0,0,0,191,81,94,487,10,0.234375,Subscription,simple,zenoh,60,low,1
184,obstacle_detector,scan,8728,600,0,0,0,183,73,74,605,10,85.2351,Subscription,simple,zenoh,60,low,1
185,object_tracker,out_detection_2d,2928,600,0,0,0,178,76,97,500,10,28.5937,Subscription,simple,zenoh,60,low,1
186,ai_detector,camera_info,376,1500,0,0,0,311,145,76,1097,25,9.17981,Subscription,simple,zenoh,60,low,1
187,ai_detector,rgb_image,921600,1500,0,0,0,181,75,66,776,25,22500.4,Subscription,simple,zenoh,60,low,1
188,base_controller,cmd_vel,48,600,0,0,0,250,86,112,727,10,0.468749,Subscription,simple,zenoh,60,low,1
189,follower,cmd_vel,48,0,0,0,0,98,39,36,234,10,0.468749,Publisher,simple,zenoh,60,low,1
190,obstacle_detector,repulsive_vector,24,0,0,0,0,74,41,31,228,10,0.234375,Publisher,simple,zenoh,60,low,1
191,object_tracker,attractive_vector,24,0,0,0,0,51,40,12,166,10,0.234374,Publisher,simple,zenoh,60,low,1
192,ai_detector,out_detection_2d,2928,0,0,0,0,66,34,31,205,10,28.5937,Publisher,simple,zenoh,60,low,1
193,camera,camera_info,376,0,0,0,0,100,46,22,428,25,9.17971,Publisher,simple,zenoh,60,low,1
194,camera,rgb_image,921600,0,0,0,0,41,12,22,220,25,22500.2,Publisher,simple,zenoh,60,low,1
195,laser,scan,8728,0,0,0,0,67,31,30,251,10,85.2345,Publisher,simple,zenoh,60,low,1
196,follower,attractive_vector,24,600,0,0,0,237,134,47,1501,10,0.234373,Subscription,simple,zenoh,60,medium,0
197,follower,repulsive_vector,24,600,0,0,0,255,123,87,1228,10,0.234374,Subscription,simple,zenoh,60,medium,0
198,obstacle_detector,scan,8728,600,0,0,0,276,114,96,843,10,85.2348,Subscription,simple,zenoh,60,medium,0
199,object_tracker,out_detection_2d,2928,600,0,0,0,308,139,105,1608,10,28.5938,Subscription,simple,zenoh,60,medium,0
200,ai_detector,camera_info,376,1500,0,0,0,297,122,77,1041,25,9.17976,Subscription,simple,zenoh,60,medium,0
201,ai_detector,rgb_image,921600,1500,172,0,0,3783,1317,1117,23158,25,22500.0,Subscription,simple,zenoh,60,medium,0
202,base_controller,cmd_vel,48,600,0,0,0,270,130,87,1255,10,0.468748,Subscription,simple,zenoh,60,medium,0
203,follower,cmd_vel,48,0,0,0,0,80,49,20,475,10,0.468749,Publisher,simple,zenoh,60,medium,0
204,obstacle_detector,repulsive_vector,24,0,0,0,0,77,41,23,351,10,0.234374,Publisher,simple,zenoh,60,medium,0
205,object_tracker,attractive_vector,24,0,0,0,0,75,57,12,796,10,0.234374,Publisher,simple,zenoh,60,medium,0
206,ai_detector,out_detection_2d,2928,0,0,0,0,98,49,31,577,10,28.5937,Publisher,simple,zenoh,60,medium,0
207,camera,camera_info,376,0,0,0,0,103,49,24,497,25,9.1797,Publisher,simple,zenoh,60,medium,0
208,camera,rgb_image,921600,0,0,0,0,2517,953,739,21930,25,22500.2,Publisher,simple,zenoh,60,medium,0
209,laser,scan,8728,0,0,0,0,88,50,25,480,10,85.2344,Publisher,simple,zenoh,60,medium,0
210,follower,attractive_vector,24,600,0,0,0,263,171,41,1548,10,0.234373,Subscription,simple,zenoh,60,medium,1
211,follower,repulsive_vector,24,600,0,0,0,317,151,92,1367,10,0.234376,Subscription,simple,zenoh,60,medium,1
212,obstacle_detector,scan,8728,600,0,0,0,312,174,99,2480,10,85.2343,Subscription,simple,zenoh,60,medium,1
213,object_tracker,out_detection_2d,2928,600,0,0,0,307,152,98,1166,10,28.5939,Subscription,simple,zenoh,60,medium,1
214,ai_detector,camera_info,376,1500,0,0,0,577,417,87,3813,25,9.17986,Subscription,simple,zenoh,60,medium,1
215,ai_detector,rgb_image,921600,1500,0,0,0,255,157,74,1744,25,22500.3,Subscription,simple,zenoh,60,medium,1
216,base_controller,cmd_vel,48,600,0,0,0,364,173,113,1322,10,0.468753,Subscription,simple,zenoh,60,medium,1
217,follower,cmd_vel,48,0,0,0,0,123,64,38,759,10,0.46875,Publisher,simple,zenoh,60,medium,1
218,obstacle_detector,repulsive_vector,24,0,0,0,0,111,64,35,657,10,0.234375,Publisher,simple,zenoh,60,medium,1
219,object_tracker,attractive_vector,24,0,0,0,0,85,66,11,709,10,0.234374,Publisher,simple,zenoh,60,medium,1
220,ai_detector,out_detection_2d,2928,0,0,0,0,103,62,33,558,10,28.5938,Publisher,simple,zenoh,60,medium,1
221,camera,camera_info,376,0,0,0,0,122,69,27,702,25,9.17971,Publisher,simple,zenoh,60,medium,1
222,camera,rgb_image,921600,0,0,0,0,78,53,19,821,25,22500.2,Publisher,simple,zenoh,60,medium,1
223,laser,scan,8728,0,0,0,0,104,64,32,933,10,85.2342,Publisher,simple,zenoh,60,medium,1
224,follower,attractive_vector,24,600,6,0,0,397,942,97,11289,10,0.234538,Subscription,simple,zenoh,60,high,0
225,follower,repulsive_vector,24,601,3,0,0,301,669,102,12540,10,0.234655,Subscription,simple,zenoh,60,high,0
226,obstacle_detector,scan,8728,592,7,0,0,377,930,116,10688,10,84.1373,Subscription,simple,zenoh,60,high,0
227,object_tracker,out_detection_2d,2928,600,3,0,0,427,803,138,11443,10,28.6044,Subscription,simple,zenoh,60,high,0
228,ai_detector,camera_info,376,1428,12,0,0,329,857,95,12827,25,8.74574,Subscription,simple,zenoh,60,high,0
229,ai_detector,rgb_image,921600,1497,990,21,0,9234,6871,1672,39451,25,22482.9,Subscription,simple,zenoh,60,high,0
230,base_controller,cmd_vel,48,601,1,0,0,318,505,103,8537,10,0.469412,Subscription,simple,zenoh,60,high,0
231,follower,cmd_vel,48,0,0,0,0,102,250,21,3909,10,0.4694,Publisher,simple,zenoh,60,high,0
232,obstacle_detector,repulsive_vector,24,0,0,0,0,90,310,23,7394,10,0.234652,Publisher,simple,zenoh,60,high,0
233,object_tracker,attractive_vector,24,0,0,0,0,148,580,29,10190,10,0.234538,Publisher,simple,zenoh,60,high,0
234,ai_detector,out_detection_2d,2928,0,0,0,0,135,330,39,4258,10,28.6038,Publisher,simple,zenoh,60,high,0
235,camera,camera_info,376,0,0,0,0,104,528,20,12254,25,8.74497,Publisher,simple,zenoh,60,high,0
236,camera,rgb_image,921600,0,0,0,0,5349,5765,1143,54160,25,22475.9,Publisher,simple,zenoh,60,high,0
237,laser,scan,8728,0,0,0,0,118,571,24,9258,10,84.1354,Publisher,simple,zenoh,60,high,0
238,follower,attractive_vector,24,600,1,0,0,230,362,97,6472,10,0.234404,Subscription,simple,zenoh,60,high,1
239,follower,repulsive_vector,24,600,0,0,0,269,311,105,4565,10,0.234382,Subscription,simple,zenoh,60,high,1
240,obstacle_detector,scan,8728,600,0,0,0,250,164,113,2124,10,85.2374,Subscription,simple,zenoh,60,high,1
241,object_tracker,out_detection_2d,2928,600,5,0,0,325,884,104,18001,10,28.605,Subscription,simple,zenoh,60,high,1
242,ai_detector,camera_info,376,1500,5,2,0,351,1235,80,29258,25,9.19561,Subscription,simple,zenoh,60,high,1
243,ai_detector,rgb_image,921600,1500,5,2,0,352,991,88,21778,25,22536.5,Subscription,simple,zenoh,60,high,1
244,base_controller,cmd_vel,48,600,4,1,0,404,2132,110,38187,10,0.469833,Subscription,simple,zenoh,60,high,1
245,follower,cmd_vel,48,0,0,0,0,79,72,27,1099,10,0.468779,Publisher,simple,zenoh,60,high,1
246,obstacle_detector,repulsive_vector,24,0,0,0,0,73,65,26,746,10,0.234376,Publisher,simple,zenoh,60,high,1
247,object_tracker,attractive_vector,24,0,0,0,0,66,69,18,1035,10,0.23438,Publisher,simple,zenoh,60,high,1
248,ai_detector,out_detection_2d,2928,0,0,0,0,74,105,24,1621,10,28.5966,Publisher,simple,zenoh,60,high,1
249,camera,camera_info,376,0,0,0,0,64,99,18,2399,25,9.18,Publisher,simple,zenoh,60,high,1
250,camera,rgb_image,921600,0,0,0,0,60,87,16,2352,25,22502.5,Publisher,simple,zenoh,60,high,1
251,laser,scan,8728,0,0,0,0,67,53,21,727,10,85.2355,Publisher,simple,zenoh,60,high,1
